,,,,,,,,,,,,,,,,,,,,,,,
,"NR. INREGISTRARE
",,,,,,,,,,,,,,,,,,,,,,
,,,,,"ROMÂNIA
Ministerul Educaţiei şi Cercetării
UNIVERSITATEA DE VEST DIN TIMIŞOARA
Vasile Pârvan nr. 4, 300223 - Timişoara
Tel: 0256 592 787/788 Fax: 0256-592.311
http://www.uvt.ro",,,,,,,,,,,,,,,,,,
,,,,,,,,,,,,,,,,,,,,,,,
,"Facultatea / Departamentul: FACULTATEA DE MATEMATICĂ ŞI INFORMATICĂ
Domeniul: Informatică
Programul de studii: Informatică
Forma de învăţământ: STUDII UNIVERSITARE DE LICENŢĂ - CU FRECVENŢĂ ",,,,,,,,,,,,,,,,,,,,,,
,FOAIE MATRICOLĂ PARŢIALĂ,,,,,,,,,,,,,,,,,,,,,,
,"Extras din Registrul matricol, volumul: IR, nr. 81, anul: 2024 nr. matricol: 
Notele obţinute în timpul şcolarităţii de: 
Data şi locul naşterii:, 
Prenumele părinţilor: tata:  mama: ",,,,,,,,,,,,,,,,,,,,,,
,SITUAŢIA ŞCOLARĂ PE ANI DE STUDIU,,,,,,,,,,,,,,,,,,,,,,
,,Anul I 2023-2024,,,,,,,,,,,,,,,,,,,,,
,,Nr. crt.,Disciplina de învăţământ,,,Total ore,,,,Nota,,Nr. credite,,,,Sem.,,,,,,,
,,,,,,C,S,LP,P,,,,,,,,,,,,,,
,,1,Algoritmi şi structuri de date I - Echivalata,,,28,28,0,0,5,,6,,,,I,,,,,,,
,,2,Programare I - Echivalata,,,28,0,28,0,6,,6,,,,I,,,,,,,
,,3,Logică computaţională - Echivalata,,,28,28,0,0,5,,6,,,,I,,,,,,,
,,4,Fundamente de matematica - Echivalata,,,28,28,0,0,6,,5,,,,I,,,,,,,
,,5,Arhitectura calculatoarelor - Echivalata,,,28,28,0,0,5,,5,,,,I,,,,,,,
,,6,Limba engleză I - Echivalata,,,14,14,0,0,8,,2,,,,I,,,,,,,
,,7,Educaţie fizică I - Echivalata*,,,0,0,28,0,P,,1,,,,I,,,,,,,
,,8,Consiliere profesională şi orientare în carieră*,,,0,14,0,0,P,,1,,,,I,,,,,,,
,,9,"Etică, integritate şi scriere academică - Echivalata*",,,14,14,0,0,6,,2,,,,I,,,,,,,
,,10,Algoritmi şi structuri de date II - Echivalata,,,28,0,28,0,5,,5,,,,II,,,,,,,
,,11,Limbaje formale şi teoria automatelor - Echivalata,,,28,28,0,0,10,,4,,,,II,,,,,,,
,,12,Calcul diferenţial şi integral,,,28,28,0,0,-,,-,,,,II,,,,,,,
,,13,Programare II - Echivalata,,,28,0,42,0,5,,6,,,,II,,,,,,,
,,14,Proiect de programare - Echivalata,,,0,0,14,0,8,,2,,,,II,,,,,,,
,,15,Metode şi practici în informatică,,,28,0,14,0,-,,-,,,,II,,,,,,,
,,16,Elemente de web design,,,14,0,28,0,-,,-,,,,II,,,,,,,
,,17,Limba engleză II - Echivalata,,,14,14,0,0,8,,2,,,,II,,,,,,,
,,18,Educaţie fizică II - Echivalata,,,0,0,28,0,P,,1,,,,II,,,,,,,
,,"PROMOVAT CU MEDIA PONDERATĂ: -
PROMOVAT CU MEDIA ARITMETICĂ: -",,,,,,,,,,,,,TOTAL CREDITE: 54.0,,,,,,,,
,,,,,,,,,,,,,,,,,,,,,,,
,,,,,,,,,,,,,,,,,,,,,,,
,,,,,,,,,,,,,,,,,,,,,,,
,Nr. înregistrare  Emisă la data: 2025-10-23 08:54:03,,,,,,,,,,,,,,,,,,1/,3,,,
,"Foaia matricolă este generată automat în programul UMS
1) În cazul disciplinelor cu sistem de notaţie: P - Promovat, N - Nepromovat
Disciplinele marcate cu asterix(*) nu sunt participante la medie.",,,,,,,,,,,,,,,,,,,,,,
,,,,,,,,,,,,,,,,,,,,,,,
,,,,,,,,,,,,,,,,,,,,,,,
,,,,,,,,,,,,,,,,,,,,,,,
,,Anul II 2024-2025,,,,,,,,,,,,,,,,,,,,,
,,Nr. crt.,Disciplina de învăţământ,,,Total ore,,,,Nota,,Nr. credite,,,,Sem.,,,,,,,
,,,,,,C,S,LP,P,,,,,,,,,,,,,,
,,1,Teoria grafurilor şi combinatorică - Echivalata,,,28,0,14,0,9,,5,,,,I,,,,,,,
,,2,Sisteme de operare I,,,28,0,28,0,-,,-,,,,I,,,,,,,
,,3,Baze  de  date ,,,28,0,28,0,-,,-,,,,I,,,,,,,
,,4,Programare III - Echivalata,,,28,0,28,0,5,,5,,,,I,,,,,,,
,,5,Proiect individual,,,0,0,14,0,-,,-,,,,I,,,,,,,
,,6,Structuri de date avansate,,,28,0,14,0,-,,-,,,,I,,,,,,,
,,7,Limba engleză III - Echivalata,,,14,14,0,0,8,,2,,,,I,,,,,,,
,,8,Educaţie fizică III - Echivalata*,,,0,0,0,28,P,,1,,,,I,,,,,,,
,,9,Competente de antreprenoriat,,,14,14,0,0,-,,-,,,,I,,,,,,,
,,10,Reţele de calculatoare - Echivalata,,,28,0,28,0,8,,4,,,,II,,,,,,,
,,11,Probabilităţi şi statistică - Echivalata,,,28,0,28,0,5,,4,,,,II,,,,,,,
,,12,Inginerie soft - Echivalata,,,28,0,28,0,7,,4,,,,II,,,,,,,
,,13,Proiect colectiv,,,0,0,14,0,-,,-,,,,II,,,,,,,
,,14,Stagiu de practică II - Echivalata,,,0,0,120,0,8,,3,,,,II,,,,,,,
,,15,Limba engleză IV - Echivalata,,,0,14,0,0,9,,2,,,,II,,,,,,,
,,16,Educaţie fizică IV - Echivalata*,,,0,0,28,0,P,,1,,,,II,,,,,,,
,,17,Introducere în robotică - Echivalata,,,14,0,28,0,6,,4,,,,II,,,,,,,
,,18,Inteligenţă artificială - Echivalata,,,28,28,0,0,7,,4,,,,II,,,,,,,
,,19,Marketing online - Echivalata,,,14,14,0,0,5,,2,,,,II,,,,,,,
,,"PROMOVAT CU MEDIA (SEMESTRU 1) PONDERATĂ: -
PROMOVAT CU MEDIA (SEMESTRU 1) ARITMETICĂ: -",,,,,,,,,,,,,TOTAL CREDITE: 41.0,,,,,,,,
,,Anul III 2023-2024,,,,,,,,,,,,,,,,,,,,,
,,Nr. crt.,Disciplina de învăţământ,,,Total ore,,,,Nota,,Nr. credite,,,,Sem.,,,,,,,
,,,,,,C,S,LP,P,,,,,,,,,,,,,,
,,1,Inteligenţă artificială - Echivalata,,,28,0,28,0,7,,5,,,,I,,,,,,,
,,2,Şabloane de proiectare,,,28,0,28,0,-,,-,,,,I,,,,,,,
,,3,Tehnologii web,,,28,0,28,0,-,,-,,,,I,,,,,,,
,,4,Programarea sistemelor în timp real - Echivalata,,,28,0,14,0,5,,5,,,,I,,,,,,,
,,5,Robotic Process Automation,,,28,0,14,0,-,,-,,,,I,,,,,,,
,,6,Metodologia elaborării lucrării de licenţă,,,0,0,42,0,-,,-,,,,I,,,,,,,
,,7,Politici comparate,,,14,14,0,0,-,,-,,,,I,,,,,,,
,,8,Programare concurentă şi distribuită,,,28,0,28,0,-,,-,,,,II,,,,,,,
,,9,Grafică şi interfeţe utilizator,,,28,0,28,0,-,,-,,,,II,,,,,,,
,,10,Cercetări pentru elaborarea lucrării de licenţă,,,0,0,42,0,-,,-,,,,II,,,,,,,
,,11,Securitate şi criptografie,,,28,0,28,0,6,,5,,,,II,,,,,,,
,,12,Programarea jocurilor pe calculator şi realitate virtuală,,,28,0,28,0,-,,-,,,,II,,,,,,,
,,13,Tehnologii software în telecomunicaţii,,,28,0,28,0,6,,5,,,,II,,,,,,,
,,"PROMOVAT CU MEDIA PONDERATĂ: -
PROMOVAT CU MEDIA ARITMETICĂ: -",,,,,,,,,,,,,TOTAL CREDITE: 20.0,,,,,,,,
,,,,,,,,,,,,,,,,,,,,,,,
,,,,,,,,,,,,,,,,,,,,,,,
,,,,,,,,,,,,,,,,,,,,,,,
,Nr. înregistrare  Emisă la data: 2025-10-23 08:54:03,,,,,,,,,,,,,,,,,,2/,3,,,
,,,,,,,,,,,,,,,,,,,,,,,
,,,,,,,,,,,,,,,,,,,,,,,
,,,,,,,,,,,,,,,,,,,,,,,
,TOTAL CREDITE OBŢINUTE: 115.0,,,,,,,,,,,,,,,,,,,,,,
,"Menţiuni privind şcolarizarea 
Anul II - 2020-2021 INMATRICULAT reînmatriculat conform decizie nr. 797/28.09.2020
Anul III - 2021-2022 EXMATRICULAT exmatriculat conform deciziei nr. 673/SG/14.09.2022
Anul III - 2022-2023 REINMATRICULAT reînmatriculat conform deciziei nr. 706/SG/22.09.2022
Anul III - 2022-2023 EXMATRICULAT  Studentul a fost exmatriculat in anul de studii III conform deciziei nr. 725/336/SG/25.09.2023. El avea numarul matricol
Anul III - 2023-2024 REINMATRICULAT Reînmatriculat conform deciziei nr. 778/400/SG/29.09.2023
Anul III - 2023-2024 EXMATRICULAT  Studentul a fost exmatriculat conform deciziei nr. 730/IA1085/SG/16.09.2024. El avea numarul matricol INFORMATICĂ APLICATĂ Motiv: Exmatriculat - neacumularea numărului necesar de credite pentru promovare
Anul II - 2024-2025 REINMATRICULAT Conform cererii de reînmatriculare 64169/0-1/ 23.09.2024 şi deciziei de reînmatriculare 753/IRo3979/SG/23.09.2024. Inmatriculat 2023/2024 la IA cu nr matricol , si reinmatriculat 2024/2025  la IR cu nr matricol 
NOTĂ: Durata studiilor la FACULTATEA DE MATEMATICĂ ŞI INFORMATICĂ, domeniul Informatică, programul de studii Informatică este de 6 semestre.
    Suma creditelor de absolvire este de 180.0.
    Notele se acordă de la 10,00 (zece) la 1, nota minimă de promovare a unei discipline 
    fiind 5,00(cinci)
    Pentru promovarea examenului de finalizare studii, media minimă este 6,00 (şase)",,,,,,,,,,,,,,,,,,,,,,
,,,,,,,,,,,,,,,,,,,,,,,
,,,,"DECAN,",,,,,,,"SECRETAR ŞEF FACULTATE,",,,,,,,,,,,,
,,,,,,,,,,,,,,,,,,,,,,,
,,,,,,,,,,,,,,,,,,,,,,,
,,,,,,,,,,,,,,,,,,,,,,,
,,,,,,,,,,,,,,,,,,,,,,,
,,,,,,,,,,,,,,,,,,,,,,,
,Nr. înregistrare  Emisă la data: 2025-10-23 08:54:03,,,,,,,,,,,,,,,,,,3/,3,,,
,,,,,,,,,,,,,,,,,,,,,,,
,,,,,,,,,,,,,,,,,,,,,,,
